,seed,prob,p1,p2,class 1,class 2
0,0,0.64244324,0,58,3,2
1,0,0.733982,0,121,3,0
2,0,0.48949438,1,80,0,4
3,0,0.6685371,2,8,2,3
4,0,0.5004949,4,66,4,0
5,0,0.5214685,4,146,4,3
6,0,0.70427835,4,164,4,0
7,0,0.405776,7,14,0,3
8,0,0.39880067,7,34,0,4
9,0,0.67693174,10,108,3,2
10,0,0.43429795,11,94,3,3
11,0,0.6230644,11,108,3,2
12,0,0.3421462,13,13,3,3
13,0,0.40400407,13,58,3,2
14,0,0.38620365,15,15,4,4
15,0,0.3107158,15,16,4,3
16,0,0.32282722,15,22,4,3
17,0,0.39558053,15,65,4,3
18,0,0.3784322,15,165,4,3
19,0,0.46482593,17,29,3,2
20,0,0.5398315,18,126,0,4
21,0,0.7156684,20,5,0,3
22,0,0.6967951,20,15,0,4
23,0,0.6146034,20,16,0,3
24,0,0.82681847,20,115,0,3
25,0,0.4894962,23,127,3,2
26,0,0.55733174,23,147,3,2
27,0,0.51584065,25,84,1,2
28,0,0.46115267,25,167,1,2
29,0,0.27607003,28,80,0,4
30,0,0.281601,28,146,0,3
31,0,0.38207504,29,17,2,3
32,0,0.46171826,29,97,2,3
33,0,0.3471582,29,162,2,4
34,0,0.40838462,30,146,3,3
35,0,0.49014166,30,159,3,2
36,0,0.40763512,34,34,4,4
37,0,0.3647867,34,66,4,0
38,0,0.4107836,34,84,4,2
39,0,0.5597147,36,21,2,3
40,0,0.6457597,36,60,2,4
41,0,0.4539558,39,140,3,2
42,0,0.5157351,40,24,0,3
43,0,0.39469418,41,66,4,0
44,0,0.43644565,41,84,4,2
45,0,0.3901953,41,104,4,3
46,0,0.37346256,41,118,4,3
47,0,0.40157294,42,34,0,4
48,0,0.4966731,42,93,0,3
49,0,0.48118585,44,159,3,2
50,0,0.413358,45,45,3,3
51,0,0.51133597,45,108,3,2
52,0,0.56356394,46,95,2,4
53,0,0.4554292,47,84,2,2
54,0,0.47191823,47,180,2,4
55,0,0.34869647,50,34,0,4
56,0,0.43221498,50,68,0,3
57,0,0.3815018,50,150,0,3
58,0,0.24564114,51,116,3,3
59,0,0.77260935,53,71,3,3
60,0,0.61064416,54,125,3,2
61,0,0.45504218,55,116,3,3
62,0,0.80791414,56,3,0,3
63,0,0.8407295,56,5,0,3
64,0,0.8259921,56,6,0,0
65,0,0.81894964,56,9,0,0
66,0,0.8237711,56,11,0,3
67,0,0.79801327,56,12,0,3
68,0,0.7759282,56,16,0,3
69,0,0.82476926,56,17,0,3
70,0,0.8545462,56,19,0,3
71,0,0.8230546,56,21,0,3
72,0,0.7888374,56,22,0,3
73,0,0.77238846,56,23,0,3
74,0,0.8163618,56,24,0,3
75,0,0.8663801,56,26,0,3
76,0,0.88753575,56,27,0,3
77,0,0.8097688,56,29,0,2
78,0,0.8727385,56,30,0,3
79,0,0.84949553,56,31,0,3
80,0,0.897792,56,32,0,4
81,0,0.86306554,56,33,0,3
82,0,0.81279206,56,34,0,4
83,0,0.77561,56,35,0,4
84,0,0.79076463,56,37,0,3
85,0,0.88699406,56,38,0,3
86,0,0.8287335,56,39,0,3
87,0,0.8996421,56,41,0,4
88,0,0.89128673,56,43,0,3
89,0,0.8215961,56,44,0,3
90,0,0.83517694,56,46,0,2
91,0,0.8281267,56,47,0,2
92,0,0.8644195,56,49,0,3
93,0,0.83260936,56,52,0,3
94,0,0.84302336,56,53,0,3
95,0,0.8568739,56,54,0,3
96,0,0.85998493,56,55,0,3
97,0,0.9093799,56,57,0,2
98,0,0.8835498,56,59,0,4
99,0,0.8074388,56,61,0,4
100,0,0.86337197,56,62,0,3
101,0,0.894149,56,63,0,3
102,0,0.82250625,56,64,0,3
103,0,0.83641785,56,65,0,3
104,0,0.86098164,56,68,0,3
105,0,0.8458208,56,69,0,3
106,0,0.8429294,56,74,0,4
107,0,0.88165456,56,75,0,3
108,0,0.8765597,56,77,0,3
109,0,0.82863,56,79,0,3
110,0,0.7920949,56,80,0,4
111,0,0.83391726,56,81,0,3
112,0,0.7999755,56,82,0,2
113,0,0.81941843,56,84,0,2
114,0,0.8454758,56,85,0,4
115,0,0.859751,56,87,0,3
116,0,0.8767327,56,89,0,3
117,0,0.83784336,56,90,0,3
118,0,0.85379064,56,91,0,3
119,0,0.8690773,56,93,0,3
120,0,0.75327504,56,94,0,3
121,0,0.8638561,56,97,0,3
122,0,0.83994365,56,98,0,3
123,0,0.82787323,56,103,0,3
124,0,0.78640056,56,104,0,3
125,0,0.89058185,56,109,0,3
126,0,0.80034953,56,110,0,3
127,0,0.8061346,56,112,0,3
128,0,0.764584,56,116,0,3
129,0,0.81860584,56,117,0,4
130,0,0.7735882,56,118,0,3
131,0,0.85411084,56,119,0,3
132,0,0.81382805,56,124,0,3
133,0,0.8950645,56,125,0,2
134,0,0.8285273,56,127,0,2
135,0,0.8867908,56,128,0,3
136,0,0.8369757,56,129,0,3
137,0,0.8272085,56,131,0,4
138,0,0.8524303,56,132,0,3
139,0,0.8219104,56,134,0,3
140,0,0.87449354,56,135,0,4
141,0,0.9062133,56,136,0,3
142,0,0.83641386,56,137,0,3
143,0,0.8327414,56,139,0,3
144,0,0.8094541,56,142,0,3
145,0,0.83438027,56,143,0,3
146,0,0.84805256,56,144,0,3
147,0,0.79691446,56,146,0,3
148,0,0.859816,56,147,0,2
149,0,0.8425013,56,149,0,4
150,0,0.8353135,56,150,0,3
151,0,0.7541768,56,153,0,3
152,0,0.8487505,56,154,0,3
153,0,0.892866,56,155,0,3
154,0,0.84603536,56,159,0,2
155,0,0.89253163,56,161,0,3
156,0,0.82584226,56,165,0,3
157,0,0.7787782,56,166,0,3
158,0,0.78623885,56,167,0,2
159,0,0.882282,56,169,0,3
160,0,0.79093164,56,170,0,3
161,0,0.8295935,56,171,0,4
162,0,0.8631723,56,172,0,3
163,0,0.8416796,56,178,0,3
164,0,0.8896891,56,179,0,3
165,0,0.8305907,56,181,0,3
166,0,0.4216043,57,15,2,4
167,0,0.3639205,57,22,2,3
168,0,0.44959337,57,65,2,3
169,0,0.3764508,57,67,2,3
170,0,0.3802143,57,110,2,3
171,0,0.42675698,57,165,2,3
172,0,0.36172348,57,170,2,3
173,0,0.38106564,58,13,2,3
174,0,0.3273208,58,88,2,0
175,0,0.40965426,58,102,2,4
176,0,0.47312164,58,119,2,3
177,0,0.4203354,58,163,2,3
178,0,0.2925614,59,16,4,3
179,0,0.38997987,59,159,4,2
180,0,0.34236935,60,16,4,3
181,0,0.40541273,60,21,4,3
182,0,0.42896196,61,84,4,2
183,0,0.58686817,63,58,3,2
184,0,0.3392055,64,82,3,2
185,0,0.32805842,66,86,0,3
186,0,0.38762966,67,67,3,3
187,0,0.6063747,70,147,4,2
188,0,0.4513623,72,108,3,2
189,0,0.39602998,73,66,4,0
190,0,0.38089576,73,73,4,4
191,0,0.37805775,73,158,4,0
192,0,0.4823544,74,22,4,3
193,0,0.57945234,74,48,4,0
194,0,0.4126582,75,116,3,3
195,0,0.49039474,78,34,0,4
196,0,0.45949116,78,146,0,3
197,0,0.33596,79,82,3,2
198,0,0.4226103,80,66,4,0
199,0,0.5153734,81,58,3,2
200,0,0.383597,82,64,2,3
201,0,0.39413488,82,79,2,3
202,0,0.26745856,82,133,2,4
203,0,0.43233466,82,144,2,3
204,0,0.35912797,83,37,4,3
205,0,0.40899003,83,39,4,3
206,0,0.41831815,83,140,4,2
207,0,0.33359337,84,23,2,3
208,0,0.4578853,84,31,2,3
209,0,0.37830955,84,34,2,4
210,0,0.40792534,84,47,2,2
211,0,0.48091665,84,62,2,3
212,0,0.4231292,84,127,2,2
213,0,0.489133,84,147,2,2
214,0,0.30725715,84,153,2,3
215,0,0.4060976,85,16,4,3
216,0,0.19825462,86,86,3,3
217,0,0.35190165,87,116,3,3
218,0,0.49746534,88,102,0,4
219,0,0.7095183,89,151,3,4
220,0,0.4787359,90,90,3,3
221,0,0.4541187,90,140,3,2
222,0,0.41165,92,15,0,4
223,0,0.4813479,95,46,4,2
224,0,0.4121671,95,66,4,0
225,0,0.52305496,95,76,4,0
226,0,0.5247984,95,95,4,4
227,0,0.59331495,95,157,4,2
228,0,0.4788854,99,79,4,3
229,0,0.3667236,99,94,4,3
230,0,0.5123096,99,132,4,3
231,0,0.49195567,100,131,0,4
232,0,0.5046148,101,5,0,3
233,0,0.4370397,102,58,4,2
234,0,0.36750728,102,66,4,0
235,0,0.41676816,102,102,4,4
236,0,0.65743405,105,144,0,3
237,0,0.44253975,106,9,4,0
238,0,0.74928004,107,108,3,2
239,0,0.39494073,108,11,2,3
240,0,0.38415307,108,45,2,3
241,0,0.4137694,108,72,2,3
242,0,0.4825734,111,85,0,4
243,0,0.38999483,114,49,0,3
244,0,0.47043437,116,76,3,0
245,0,0.25884947,117,146,4,3
246,0,0.51101846,119,58,3,2
247,0,0.7223899,120,140,3,2
248,0,0.7969205,120,156,3,0
249,0,0.464725,122,167,3,2
250,0,0.44683492,123,16,0,3
251,0,0.5086633,125,54,2,3
252,0,0.3307131,126,16,4,3
253,0,0.38051808,126,18,4,0
254,0,0.3750323,126,29,4,2
255,0,0.3397167,127,23,2,3
256,0,0.45691806,127,31,2,3
257,0,0.47440532,127,55,2,3
258,0,0.48797885,127,62,2,3
259,0,0.40213373,127,84,2,2
260,0,0.422086,127,129,2,3
261,0,0.31040147,127,153,2,3
262,0,0.41095504,127,171,2,4
263,0,0.5216768,130,24,0,3
264,0,0.35079947,131,66,4,0
265,0,0.38276178,131,84,4,2
266,0,0.45237714,131,100,4,0
267,0,0.48546875,131,138,4,0
268,0,0.506673,131,168,4,0
269,0,0.33727813,133,16,4,3
270,0,0.40272412,133,64,4,3
271,0,0.3674613,133,82,4,2
272,0,0.44564354,133,178,4,3
273,0,0.23877656,134,134,3,3
274,0,0.6792181,139,18,3,0
275,0,0.4444909,140,39,2,3
276,0,0.45169267,140,83,2,4
277,0,0.46302316,140,90,2,3
278,0,0.6403787,141,48,3,0
279,0,0.49987745,141,116,3,3
280,0,0.27971378,144,82,3,2
281,0,0.66262805,145,168,3,0
282,0,0.43050358,148,146,3,3
283,0,0.39005008,148,148,3,3
284,0,0.51307315,148,159,3,2
285,0,0.4119691,151,66,4,0
286,0,0.5772217,151,89,4,3
287,0,0.42665648,151,152,4,3
288,0,0.4580742,156,156,0,0
289,0,0.4276708,158,73,0,4
290,0,0.3443328,159,44,2,3
291,0,0.46416098,159,59,2,4
292,0,0.36166275,159,150,2,3
293,0,0.312048,160,116,3,3
294,0,0.3637708,161,116,3,3
295,0,0.4269137,162,29,4,2
296,0,0.40637085,162,66,4,0
297,0,0.4660099,163,58,3,2
298,0,0.4484766,163,163,3,3
299,0,0.36380014,164,146,0,3
300,0,0.45668232,168,131,0,4
301,0,0.36693463,171,6,4,0
302,0,0.31925726,171,66,4,0
303,0,0.35105625,171,84,4,2
304,0,0.41334414,171,113,4,0
305,0,0.3775827,171,129,4,3
306,0,0.76545805,172,113,3,0
307,0,0.5494201,173,8,2,3
308,0,0.57962465,173,55,2,3
309,0,0.50504905,173,84,2,2
310,0,0.530509,173,96,2,3
311,0,0.5401653,173,131,2,4
312,0,0.47843784,173,145,2,3
313,0,0.46539122,173,175,2,3
314,0,0.52086425,174,15,0,4
315,0,0.38737875,175,175,3,3
316,0,0.3411254,176,80,0,4
317,0,0.47016123,177,84,4,2
318,0,0.5680042,177,156,4,0
319,0,0.4190189,177,167,4,2
320,0,0.39613172,180,47,4,2
321,0,0.3455708,180,66,4,0
322,0,0.38243502,180,84,4,2
323,0,0.40374348,180,180,4,4
324,0,0.32755196,182,29,3,2
325,68268,0.5767189,0,58,3,2
326,68268,0.5925838,0,121,3,0
327,68268,0.52429706,1,80,0,4
328,68268,0.48129883,2,8,2,3
329,68268,0.4979801,4,66,4,0
330,68268,0.4295906,4,146,4,3
331,68268,0.6648168,4,164,4,0
332,68268,0.42975602,7,14,0,3
333,68268,0.38770053,7,34,0,4
334,68268,0.61813134,10,108,3,2
335,68268,0.585273,11,94,3,3
336,68268,0.60373545,11,108,3,2
337,68268,0.55430764,13,13,3,3
338,68268,0.53481853,13,58,3,2
339,68268,0.39316094,15,15,4,4
340,68268,0.3597825,15,16,4,3
341,68268,0.38398132,15,22,4,3
342,68268,0.40792975,15,65,4,3
343,68268,0.373973,15,165,4,3
344,68268,0.29405093,17,29,3,2
345,68268,0.5566864,18,126,0,4
346,68268,0.5272624,20,5,0,3
347,68268,0.6190935,20,15,0,4
348,68268,0.5736126,20,16,0,3
349,68268,0.7505119,20,115,0,3
350,68268,0.41542807,23,127,3,2
351,68268,0.47322324,23,147,3,2
352,68268,0.41447145,25,84,1,2
353,68268,0.41598517,25,167,1,2
354,68268,0.45740512,28,80,0,4
355,68268,0.3539558,28,146,0,3
356,68268,0.5011578,29,17,2,3
357,68268,0.36516273,29,97,2,3
358,68268,0.519385,29,162,2,4
359,68268,0.3205848,30,146,3,3
360,68268,0.3573928,30,159,3,2
361,68268,0.3010318,34,34,4,4
362,68268,0.39005312,34,66,4,0
363,68268,0.44757748,34,84,4,2
364,68268,0.4367105,36,21,2,3
365,68268,0.6330614,36,60,2,4
366,68268,0.44772294,39,140,3,2
367,68268,0.51297873,40,24,0,3
368,68268,0.49543092,41,66,4,0
369,68268,0.5535513,41,84,4,2
370,68268,0.62854797,41,104,4,3
371,68268,0.45769706,41,118,4,3
372,68268,0.2787931,42,34,0,4
373,68268,0.3183774,42,93,0,3
374,68268,0.39200082,44,159,3,2
375,68268,0.3199801,45,45,3,3
376,68268,0.44353828,45,108,3,2
377,68268,0.6670329,46,95,2,4
378,68268,0.42903525,47,84,2,2
379,68268,0.4222221,47,180,2,4
380,68268,0.27839637,50,34,0,4
381,68268,0.37439087,50,68,0,3
382,68268,0.34401044,50,150,0,3
383,68268,0.3603739,51,116,3,3
384,68268,0.60954934,53,71,3,3
385,68268,0.41416845,54,125,3,2
386,68268,0.39425802,55,116,3,3
387,68268,0.77469265,56,3,0,3
388,68268,0.7596631,56,5,0,3
389,68268,0.8129211,56,6,0,0
390,68268,0.8243581,56,9,0,0
391,68268,0.79823977,56,11,0,3
392,68268,0.8312583,56,12,0,3
393,68268,0.79107887,56,16,0,3
394,68268,0.8494596,56,17,0,3
395,68268,0.8127051,56,19,0,3
396,68268,0.7925662,56,21,0,3
397,68268,0.8093876,56,22,0,3
398,68268,0.8530622,56,23,0,3
399,68268,0.8014354,56,24,0,3
400,68268,0.77643114,56,26,0,3
401,68268,0.77674836,56,27,0,3
402,68268,0.79786825,56,29,0,2
403,68268,0.8230011,56,30,0,3
404,68268,0.8078033,56,31,0,3
405,68268,0.7445111,56,32,0,4
406,68268,0.8139709,56,33,0,3
407,68268,0.7360116,56,34,0,4
408,68268,0.81586385,56,35,0,4
409,68268,0.8065325,56,37,0,3
410,68268,0.8193367,56,38,0,3
411,68268,0.7959396,56,39,0,3
412,68268,0.83128035,56,41,0,4
413,68268,0.73955494,56,43,0,3
414,68268,0.819127,56,44,0,3
415,68268,0.87383574,56,46,0,2
416,68268,0.83790344,56,47,0,2
417,68268,0.8503256,56,49,0,3
418,68268,0.7545659,56,52,0,3
419,68268,0.76777315,56,53,0,3
420,68268,0.83775294,56,54,0,3
421,68268,0.8387089,56,55,0,3
422,68268,0.8118747,56,57,0,2
423,68268,0.79214376,56,59,0,4
424,68268,0.8311439,56,61,0,4
425,68268,0.7966269,56,62,0,3
426,68268,0.7856536,56,63,0,3
427,68268,0.83065295,56,64,0,3
428,68268,0.82379085,56,65,0,3
429,68268,0.81550175,56,68,0,3
430,68268,0.81765383,56,69,0,3
431,68268,0.777642,56,74,0,4
432,68268,0.7861627,56,75,0,3
433,68268,0.8430927,56,77,0,3
434,68268,0.7803704,56,79,0,3
435,68268,0.8272331,56,80,0,4
436,68268,0.79074144,56,81,0,3
437,68268,0.7970068,56,82,0,2
438,68268,0.8369374,56,84,0,2
439,68268,0.84032136,56,85,0,4
440,68268,0.7982228,56,87,0,3
441,68268,0.78619164,56,89,0,3
442,68268,0.7993127,56,90,0,3
443,68268,0.81837463,56,91,0,3
444,68268,0.7759757,56,93,0,3
445,68268,0.858466,56,94,0,3
446,68268,0.7631476,56,97,0,3
447,68268,0.7933198,56,98,0,3
448,68268,0.7430406,56,103,0,3
449,68268,0.87749237,56,104,0,3
450,68268,0.78751695,56,109,0,3
451,68268,0.8539152,56,110,0,3
452,68268,0.7623719,56,112,0,3
453,68268,0.82087976,56,116,0,3
454,68268,0.843817,56,117,0,4
455,68268,0.76853514,56,118,0,3
456,68268,0.7487978,56,119,0,3
457,68268,0.73322195,56,124,0,3
458,68268,0.7894113,56,125,0,2
459,68268,0.7738278,56,127,0,2
460,68268,0.76892716,56,128,0,3
461,68268,0.7382814,56,129,0,3
462,68268,0.7898534,56,131,0,4
463,68268,0.795598,56,132,0,3
464,68268,0.81960243,56,134,0,3
465,68268,0.7726115,56,135,0,4
466,68268,0.805407,56,136,0,3
467,68268,0.77191436,56,137,0,3
468,68268,0.75223976,56,139,0,3
469,68268,0.7852896,56,142,0,3
470,68268,0.8434536,56,143,0,3
471,68268,0.8229873,56,144,0,3
472,68268,0.7556025,56,146,0,3
473,68268,0.8183662,56,147,0,2
474,68268,0.8226048,56,149,0,4
475,68268,0.7878825,56,150,0,3
476,68268,0.83226174,56,153,0,3
477,68268,0.8285851,56,154,0,3
478,68268,0.76582026,56,155,0,3
479,68268,0.78941655,56,159,0,2
480,68268,0.74963063,56,161,0,3
481,68268,0.80514914,56,165,0,3
482,68268,0.84026825,56,166,0,3
483,68268,0.84589416,56,167,0,2
484,68268,0.8512812,56,169,0,3
485,68268,0.826917,56,170,0,3
486,68268,0.8733407,56,171,0,4
487,68268,0.73318195,56,172,0,3
488,68268,0.8100725,56,178,0,3
489,68268,0.83676445,56,179,0,3
490,68268,0.7439523,56,181,0,3
491,68268,0.5260007,57,15,2,4
492,68268,0.5175788,57,22,2,3
493,68268,0.5432161,57,65,2,3
494,68268,0.56008285,57,67,2,3
495,68268,0.5876587,57,110,2,3
496,68268,0.50634104,57,165,2,3
497,68268,0.5475233,57,170,2,3
498,68268,0.43247998,58,13,2,3
499,68268,0.34750703,58,88,2,0
500,68268,0.36049935,58,102,2,4
501,68268,0.30692443,58,119,2,3
502,68268,0.36600816,58,163,2,3
503,68268,0.30989003,59,16,4,3
504,68268,0.308789,59,159,4,2
505,68268,0.4204398,60,16,4,3
506,68268,0.42318773,60,21,4,3
507,68268,0.4566337,61,84,4,2
508,68268,0.579376,63,58,3,2
509,68268,0.35634416,64,82,3,2
510,68268,0.5053553,66,86,0,3
511,68268,0.31789526,67,67,3,3
512,68268,0.27734217,70,147,4,2
513,68268,0.5382031,72,108,3,2
514,68268,0.4704785,73,66,4,0
515,68268,0.47181508,73,73,4,4
516,68268,0.57564205,73,158,4,0
517,68268,0.5628553,74,22,4,3
518,68268,0.6832043,74,48,4,0
519,68268,0.38709474,75,116,3,3
520,68268,0.28453243,78,34,0,4
521,68268,0.30832285,78,146,0,3
522,68268,0.4314016,79,82,3,2
523,68268,0.43703488,80,66,4,0
524,68268,0.573605,81,58,3,2
525,68268,0.37500474,82,64,2,3
526,68268,0.31540993,82,79,2,3
527,68268,0.4251084,82,133,2,4
528,68268,0.371759,82,144,2,3
529,68268,0.4326479,83,37,4,3
530,68268,0.40924403,83,39,4,3
531,68268,0.4767121,83,140,4,2
532,68268,0.4198983,84,23,2,3
533,68268,0.3415805,84,31,2,3
534,68268,0.25657153,84,34,2,4
535,68268,0.38366216,84,47,2,2
536,68268,0.32698134,84,62,2,3
537,68268,0.3038176,84,127,2,2
538,68268,0.36010543,84,147,2,2
539,68268,0.3817482,84,153,2,3
540,68268,0.45219013,85,16,4,3
541,68268,0.42190942,86,86,3,3
542,68268,0.44637847,87,116,3,3
543,68268,0.37966436,88,102,0,4
544,68268,0.53514475,89,151,3,4
545,68268,0.33549115,90,90,3,3
546,68268,0.37925142,90,140,3,2
547,68268,0.44455153,92,15,0,4
548,68268,0.54210633,95,46,4,2
549,68268,0.42935944,95,66,4,0
550,68268,0.45148697,95,76,4,0
551,68268,0.5591659,95,95,4,4
552,68268,0.38221765,95,157,4,2
553,68268,0.442771,99,79,4,3
554,68268,0.5778982,99,94,4,3
555,68268,0.46945068,99,132,4,3
556,68268,0.40487832,100,131,0,4
557,68268,0.40160987,101,5,0,3
558,68268,0.39859402,102,58,4,2
559,68268,0.36165997,102,66,4,0
560,68268,0.34707052,102,102,4,4
561,68268,0.5591253,105,144,0,3
562,68268,0.3703617,106,9,4,0
563,68268,0.70653427,107,108,3,2
564,68268,0.49621758,108,11,2,3
565,68268,0.49368936,108,45,2,3
566,68268,0.47667965,108,72,2,3
567,68268,0.38486296,111,85,0,4
568,68268,0.6082152,114,49,0,3
569,68268,0.40907475,116,76,3,0
570,68268,0.351542,117,146,4,3
571,68268,0.3901977,119,58,3,2
572,68268,0.56504637,120,140,3,2
573,68268,0.52529067,120,156,3,0
574,68268,0.3729766,122,167,3,2
575,68268,0.29354176,123,16,0,3
576,68268,0.44078192,125,54,2,3
577,68268,0.35861906,126,16,4,3
578,68268,0.36946505,126,18,4,0
579,68268,0.37091386,126,29,4,2
580,68268,0.5265422,127,23,2,3
581,68268,0.44483712,127,31,2,3
582,68268,0.4983376,127,55,2,3
583,68268,0.42202413,127,62,2,3
584,68268,0.49395713,127,84,2,2
585,68268,0.34211785,127,129,2,3
586,68268,0.48645416,127,153,2,3
587,68268,0.5619752,127,171,2,4
588,68268,0.41662666,130,24,0,3
589,68268,0.34360644,131,66,4,0
590,68268,0.40774798,131,84,4,2
591,68268,0.4609543,131,100,4,0
592,68268,0.3916331,131,138,4,0
593,68268,0.40823716,131,168,4,0
594,68268,0.32698017,133,16,4,3
595,68268,0.3861791,133,64,4,3
596,68268,0.3282824,133,82,4,2
597,68268,0.35046744,133,178,4,3
598,68268,0.44792333,134,134,3,3
599,68268,0.66341555,139,18,3,0
600,68268,0.41001886,140,39,2,3
601,68268,0.48148233,140,83,2,4
602,68268,0.41455826,140,90,2,3
603,68268,0.65868306,141,48,3,0
604,68268,0.559956,141,116,3,3
605,68268,0.46281826,144,82,3,2
606,68268,0.48624516,145,168,3,0
607,68268,0.43010145,148,146,3,3
608,68268,0.53244764,148,148,3,3
609,68268,0.46912342,148,159,3,2
610,68268,0.40719363,151,66,4,0
611,68268,0.3759207,151,89,4,3
612,68268,0.39051384,151,152,4,3
613,68268,0.4751063,156,156,0,0
614,68268,0.3845998,158,73,0,4
615,68268,0.4285147,159,44,2,3
616,68268,0.37751457,159,59,2,4
617,68268,0.3813903,159,150,2,3
618,68268,0.4558457,160,116,3,3
619,68268,0.27293643,161,116,3,3
620,68268,0.33373615,162,29,4,2
621,68268,0.3328417,162,66,4,0
622,68268,0.45221367,163,58,3,2
623,68268,0.4108879,163,163,3,3
624,68268,0.32077447,164,146,0,3
625,68268,0.32179347,168,131,0,4
626,68268,0.45860806,171,6,4,0
627,68268,0.45435956,171,66,4,0
628,68268,0.49291405,171,84,4,2
629,68268,0.53149444,171,113,4,0
630,68268,0.35045418,171,129,4,3
631,68268,0.67573684,172,113,3,0
632,68268,0.5138097,173,8,2,3
633,68268,0.5218968,173,55,2,3
634,68268,0.5214923,173,84,2,2
635,68268,0.55356014,173,96,2,3
636,68268,0.43672466,173,131,2,4
637,68268,0.40625748,173,145,2,3
638,68268,0.67364085,173,175,2,3
639,68268,0.5753616,174,15,0,4
640,68268,0.6717282,175,175,3,3
641,68268,0.50010175,176,80,0,4
642,68268,0.5237003,177,84,4,2
643,68268,0.4731131,177,156,4,0
644,68268,0.5354786,177,167,4,2
645,68268,0.40169603,180,47,4,2
646,68268,0.35252452,180,66,4,0
647,68268,0.4079291,180,84,4,2
648,68268,0.3772683,180,180,4,4
649,68268,0.41622862,182,29,3,2
650,4873,0.6220373,0,58,3,2
651,4873,0.6074117,0,121,3,0
652,4873,0.37866026,1,80,0,4
653,4873,0.5025334,2,8,2,3
654,4873,0.6048059,4,66,4,0
655,4873,0.57692343,4,146,4,3
656,4873,0.6549224,4,164,4,0
657,4873,0.4559671,7,14,0,3
658,4873,0.53894573,7,34,0,4
659,4873,0.51544744,10,108,3,2
660,4873,0.50453174,11,94,3,3
661,4873,0.5594369,11,108,3,2
662,4873,0.48988828,13,13,3,3
663,4873,0.52026016,13,58,3,2
664,4873,0.32694602,15,15,4,4
665,4873,0.4281389,15,16,4,3
666,4873,0.31473434,15,22,4,3
667,4873,0.30310342,15,65,4,3
668,4873,0.3499131,15,165,4,3
669,4873,0.51754224,17,29,3,2
670,4873,0.41447577,18,126,0,4
671,4873,0.6957914,20,5,0,3
672,4873,0.7226865,20,15,0,4
673,4873,0.79961234,20,16,0,3
674,4873,0.82781327,20,115,0,3
675,4873,0.4171066,23,127,3,2
676,4873,0.354452,23,147,3,2
677,4873,0.40694764,25,84,1,2
678,4873,0.37302762,25,167,1,2
679,4873,0.43751064,28,80,0,4
680,4873,0.39278767,28,146,0,3
681,4873,0.4921224,29,17,2,3
682,4873,0.49761632,29,97,2,3
683,4873,0.5117772,29,162,2,4
684,4873,0.33946463,30,146,3,3
685,4873,0.35959262,30,159,3,2
686,4873,0.34127975,34,34,4,4
687,4873,0.26061758,34,66,4,0
688,4873,0.2557819,34,84,4,2
689,4873,0.48490703,36,21,2,3
690,4873,0.65971756,36,60,2,4
691,4873,0.64031523,39,140,3,2
692,4873,0.35206705,40,24,0,3
693,4873,0.43600434,41,66,4,0
694,4873,0.43438008,41,84,4,2
695,4873,0.31610408,41,104,4,3
696,4873,0.47040004,41,118,4,3
697,4873,0.58710474,42,34,0,4
698,4873,0.48537743,42,93,0,3
699,4873,0.3313789,44,159,3,2
700,4873,0.4121307,45,45,3,3
701,4873,0.44116354,45,108,3,2
702,4873,0.54507846,46,95,2,4
703,4873,0.46704957,47,84,2,2
704,4873,0.5282083,47,180,2,4
705,4873,0.50829315,50,34,0,4
706,4873,0.36028755,50,68,0,3
707,4873,0.32637084,50,150,0,3
708,4873,0.37505436,51,116,3,3
709,4873,0.6673853,53,71,3,3
710,4873,0.30672485,54,125,3,2
711,4873,0.4418084,55,116,3,3
712,4873,0.71079737,56,3,0,3
713,4873,0.7751004,56,5,0,3
714,4873,0.8234995,56,6,0,0
715,4873,0.75802547,56,9,0,0
716,4873,0.7795581,56,11,0,3
717,4873,0.7129129,56,12,0,3
718,4873,0.8568375,56,16,0,3
719,4873,0.82809705,56,17,0,3
720,4873,0.8370376,56,19,0,3
721,4873,0.78802574,56,21,0,3
722,4873,0.78474367,56,22,0,3
723,4873,0.7197355,56,23,0,3
724,4873,0.7442376,56,24,0,3
725,4873,0.8435649,56,26,0,3
726,4873,0.7697557,56,27,0,3
727,4873,0.8290326,56,29,0,2
728,4873,0.8512088,56,30,0,3
729,4873,0.82131815,56,31,0,3
730,4873,0.7694055,56,32,0,4
731,4873,0.8231959,56,33,0,3
732,4873,0.8754788,56,34,0,4
733,4873,0.8415469,56,35,0,4
734,4873,0.78363824,56,37,0,3
735,4873,0.78785926,56,38,0,3
736,4873,0.76915467,56,39,0,3
737,4873,0.75018877,56,41,0,4
738,4873,0.72193366,56,43,0,3
739,4873,0.86372334,56,44,0,3
740,4873,0.81012124,56,46,0,2
741,4873,0.7806002,56,47,0,2
742,4873,0.82803094,56,49,0,3
743,4873,0.7901631,56,52,0,3
744,4873,0.8160337,56,53,0,3
745,4873,0.8277627,56,54,0,3
746,4873,0.75485384,56,55,0,3
747,4873,0.8605209,56,57,0,2
748,4873,0.8275743,56,59,0,4
749,4873,0.8304269,56,61,0,4
750,4873,0.79582995,56,62,0,3
751,4873,0.8524554,56,63,0,3
752,4873,0.81835157,56,64,0,3
753,4873,0.7783348,56,65,0,3
754,4873,0.78808695,56,68,0,3
755,4873,0.7240801,56,69,0,3
756,4873,0.8120688,56,74,0,4
757,4873,0.8207717,56,75,0,3
758,4873,0.83587986,56,77,0,3
759,4873,0.8469088,56,79,0,3
760,4873,0.8358169,56,80,0,4
761,4873,0.814935,56,81,0,3
762,4873,0.8776465,56,82,0,2
763,4873,0.8192467,56,84,0,2
764,4873,0.82957685,56,85,0,4
765,4873,0.8651031,56,87,0,3
766,4873,0.79522043,56,89,0,3
767,4873,0.818462,56,90,0,3
768,4873,0.73814344,56,91,0,3
769,4873,0.8181472,56,93,0,3
770,4873,0.80200887,56,94,0,3
771,4873,0.8359201,56,97,0,3
772,4873,0.811193,56,98,0,3
773,4873,0.82694006,56,103,0,3
774,4873,0.73477936,56,104,0,3
775,4873,0.83939266,56,109,0,3
776,4873,0.77938604,56,110,0,3
777,4873,0.74396926,56,112,0,3
778,4873,0.8029576,56,116,0,3
779,4873,0.8237586,56,117,0,4
780,4873,0.84589124,56,118,0,3
781,4873,0.7824259,56,119,0,3
782,4873,0.8040133,56,124,0,3
783,4873,0.8224373,56,125,0,2
784,4873,0.8475738,56,127,0,2
785,4873,0.85998064,56,128,0,3
786,4873,0.79243225,56,129,0,3
787,4873,0.81652904,56,131,0,4
788,4873,0.821762,56,132,0,3
789,4873,0.77348596,56,134,0,3
790,4873,0.72834915,56,135,0,4
791,4873,0.76845753,56,136,0,3
792,4873,0.75545496,56,137,0,3
793,4873,0.82809216,56,139,0,3
794,4873,0.71218836,56,142,0,3
795,4873,0.76763076,56,143,0,3
796,4873,0.8300875,56,144,0,3
797,4873,0.809469,56,146,0,3
798,4873,0.8147681,56,147,0,2
799,4873,0.79225063,56,149,0,4
800,4873,0.76384324,56,150,0,3
801,4873,0.80549294,56,153,0,3
802,4873,0.81079787,56,154,0,3
803,4873,0.8310406,56,155,0,3
804,4873,0.82494843,56,159,0,2
805,4873,0.8031418,56,161,0,3
806,4873,0.806448,56,165,0,3
807,4873,0.7531427,56,166,0,3
808,4873,0.80021816,56,167,0,2
809,4873,0.7175063,56,169,0,3
810,4873,0.72165984,56,170,0,3
811,4873,0.82987714,56,171,0,4
812,4873,0.85734797,56,172,0,3
813,4873,0.80586827,56,178,0,3
814,4873,0.8510505,56,179,0,3
815,4873,0.7704866,56,181,0,3
816,4873,0.4488877,57,15,2,4
817,4873,0.43990278,57,22,2,3
818,4873,0.42615795,57,65,2,3
819,4873,0.5720595,57,67,2,3
820,4873,0.43007687,57,110,2,3
821,4873,0.4884366,57,165,2,3
822,4873,0.3533323,57,170,2,3
823,4873,0.43862227,58,13,2,3
824,4873,0.56101376,58,88,2,0
825,4873,0.52097136,58,102,2,4
826,4873,0.39278224,58,119,2,3
827,4873,0.4579922,58,163,2,3
828,4873,0.49401787,59,16,4,3
829,4873,0.431369,59,159,4,2
830,4873,0.5119632,60,16,4,3
831,4873,0.39751837,60,21,4,3
832,4873,0.4149627,61,84,4,2
833,4873,0.4784499,63,58,3,2
834,4873,0.47428238,64,82,3,2
835,4873,0.30508706,66,86,0,3
836,4873,0.42719257,67,67,3,3
837,4873,0.44933304,70,147,4,2
838,4873,0.4546798,72,108,3,2
839,4873,0.46556196,73,66,4,0
840,4873,0.43737626,73,73,4,4
841,4873,0.4211995,73,158,4,0
842,4873,0.44443253,74,22,4,3
843,4873,0.57398456,74,48,4,0
844,4873,0.42771074,75,116,3,3
845,4873,0.5026314,78,34,0,4
846,4873,0.3824842,78,146,0,3
847,4873,0.4665619,79,82,3,2
848,4873,0.39303434,80,66,4,0
849,4873,0.5097326,81,58,3,2
850,4873,0.56954527,82,64,2,3
851,4873,0.6239403,82,79,2,3
852,4873,0.6135864,82,133,2,4
853,4873,0.58833295,82,144,2,3
854,4873,0.4999841,83,37,4,3
855,4873,0.4656184,83,39,4,3
856,4873,0.6000115,83,140,4,2
857,4873,0.29482993,84,23,2,3
858,4873,0.43260655,84,31,2,3
859,4873,0.53559566,84,34,2,4
860,4873,0.36787164,84,47,2,2
861,4873,0.39675796,84,62,2,3
862,4873,0.48291132,84,127,2,2
863,4873,0.42855045,84,147,2,2
864,4873,0.41118306,84,153,2,3
865,4873,0.41047525,85,16,4,3
866,4873,0.27543688,86,86,3,3
867,4873,0.24486282,87,116,3,3
868,4873,0.6362054,88,102,0,4
869,4873,0.59656984,89,151,3,4
870,4873,0.41029102,90,90,3,3
871,4873,0.46689203,90,140,3,2
872,4873,0.40063915,92,15,0,4
873,4873,0.38659233,95,46,4,2
874,4873,0.41200832,95,66,4,0
875,4873,0.4424649,95,76,4,0
876,4873,0.37693617,95,95,4,4
877,4873,0.453204,95,157,4,2
878,4873,0.5194647,99,79,4,3
879,4873,0.44759038,99,94,4,3
880,4873,0.48339888,99,132,4,3
881,4873,0.38449213,100,131,0,4
882,4873,0.3707565,101,5,0,3
883,4873,0.41974452,102,58,4,2
884,4873,0.40082112,102,66,4,0
885,4873,0.46196738,102,102,4,4
886,4873,0.47712198,105,144,0,3
887,4873,0.36356765,106,9,4,0
888,4873,0.6791825,107,108,3,2
889,4873,0.47335273,108,11,2,3
890,4873,0.52813643,108,45,2,3
891,4873,0.6773391,108,72,2,3
892,4873,0.3720971,111,85,0,4
893,4873,0.46217847,114,49,0,3
894,4873,0.46882746,116,76,3,0
895,4873,0.47687992,117,146,4,3
896,4873,0.5227576,119,58,3,2
897,4873,0.62077034,120,140,3,2
898,4873,0.61588925,120,156,3,0
899,4873,0.40883273,122,167,3,2
900,4873,0.4087361,123,16,0,3
901,4873,0.44368085,125,54,2,3
902,4873,0.5331163,126,16,4,3
903,4873,0.5062576,126,18,4,0
904,4873,0.48911035,126,29,4,2
905,4873,0.25459614,127,23,2,3
906,4873,0.38539368,127,31,2,3
907,4873,0.29564995,127,55,2,3
908,4873,0.3422022,127,62,2,3
909,4873,0.37956622,127,84,2,2
910,4873,0.33982304,127,129,2,3
911,4873,0.3613437,127,153,2,3
912,4873,0.3945505,127,171,2,4
913,4873,0.35222998,130,24,0,3
914,4873,0.44164726,131,66,4,0
915,4873,0.44036412,131,84,4,2
916,4873,0.5262931,131,100,4,0
917,4873,0.48945934,131,138,4,0
918,4873,0.50858176,131,168,4,0
919,4873,0.5234662,133,16,4,3
920,4873,0.4559948,133,64,4,3
921,4873,0.5654497,133,82,4,2
922,4873,0.4340503,133,178,4,3
923,4873,0.44820905,134,134,3,3
924,4873,0.65482485,139,18,3,0
925,4873,0.41787553,140,39,2,3
926,4873,0.58324003,140,83,2,4
927,4873,0.49248666,140,90,2,3
928,4873,0.48055333,141,48,3,0
929,4873,0.36633617,141,116,3,3
930,4873,0.5312327,144,82,3,2
931,4873,0.58368707,145,168,3,0
932,4873,0.39467826,148,146,3,3
933,4873,0.30554357,148,148,3,3
934,4873,0.4192199,148,159,3,2
935,4873,0.4340148,151,66,4,0
936,4873,0.39082715,151,89,4,3
937,4873,0.5179915,151,152,4,3
938,4873,0.48508048,156,156,0,0
939,4873,0.46610093,158,73,0,4
940,4873,0.47927836,159,44,2,3
941,4873,0.4107991,159,59,2,4
942,4873,0.32268685,159,150,2,3
943,4873,0.38586062,160,116,3,3
944,4873,0.43331578,161,116,3,3
945,4873,0.42966664,162,29,4,2
946,4873,0.41612476,162,66,4,0
947,4873,0.40579122,163,58,3,2
948,4873,0.38161403,163,163,3,3
949,4873,0.4833859,164,146,0,3
950,4873,0.28929543,168,131,0,4
951,4873,0.4807671,171,6,4,0
952,4873,0.5026563,171,66,4,0
953,4873,0.49995303,171,84,4,2
954,4873,0.6421603,171,113,4,0
955,4873,0.44847798,171,129,4,3
956,4873,0.76151687,172,113,3,0
957,4873,0.47594658,173,8,2,3
958,4873,0.38287807,173,55,2,3
959,4873,0.4722638,173,84,2,2
960,4873,0.5295386,173,96,2,3
961,4873,0.47240636,173,131,2,4
962,4873,0.35944596,173,145,2,3
963,4873,0.47839835,173,175,2,3
964,4873,0.49047348,174,15,0,4
965,4873,0.315991,175,175,3,3
966,4873,0.3823805,176,80,0,4
967,4873,0.4695688,177,84,4,2
968,4873,0.523209,177,156,4,0
969,4873,0.43217057,177,167,4,2
970,4873,0.3621919,180,47,4,2
971,4873,0.42684814,180,66,4,0
972,4873,0.41584498,180,84,4,2
973,4873,0.48140365,180,180,4,4
974,4873,0.40350947,182,29,3,2
975,73932,0.5467584,0,58,3,2
976,73932,0.58923876,0,121,3,0
977,73932,0.5572045,1,80,0,4
978,73932,0.4539828,2,8,2,3
979,73932,0.5574968,4,66,4,0
980,73932,0.484527,4,146,4,3
981,73932,0.43805385,4,164,4,0
982,73932,0.6686257,7,14,0,3
983,73932,0.42539796,7,34,0,4
984,73932,0.44033173,10,108,3,2
985,73932,0.39323285,11,94,3,3
986,73932,0.43640512,11,108,3,2
987,73932,0.37256357,13,13,3,3
988,73932,0.42991006,13,58,3,2
989,73932,0.3579958,15,15,4,4
990,73932,0.28939882,15,16,4,3
991,73932,0.2777159,15,22,4,3
992,73932,0.33654028,15,65,4,3
993,73932,0.31592113,15,165,4,3
994,73932,0.41005298,17,29,3,2
995,73932,0.36660334,18,126,0,4
996,73932,0.529079,20,5,0,3
997,73932,0.66621965,20,15,0,4
998,73932,0.59472626,20,16,0,3
999,73932,0.6442621,20,115,0,3
1000,73932,0.50337845,23,127,3,2
1001,73932,0.4413297,23,147,3,2
1002,73932,0.3733031,25,84,1,2
1003,73932,0.34876975,25,167,1,2
1004,73932,0.5008401,28,80,0,4
1005,73932,0.41551235,28,146,0,3
1006,73932,0.32159898,29,17,2,3
1007,73932,0.20412368,29,97,2,3
1008,73932,0.31845805,29,162,2,4
1009,73932,0.40213707,30,146,3,3
1010,73932,0.43876278,30,159,3,2
1011,73932,0.39282766,34,34,4,4
1012,73932,0.53357255,34,66,4,0
1013,73932,0.46927935,34,84,4,2
1014,73932,0.29170528,36,21,2,3
1015,73932,0.29204324,36,60,2,4
1016,73932,0.43845126,39,140,3,2
1017,73932,0.39605778,40,24,0,3
1018,73932,0.44605577,41,66,4,0
1019,73932,0.38706672,41,84,4,2
1020,73932,0.28875458,41,104,4,3
1021,73932,0.31311032,41,118,4,3
1022,73932,0.34819797,42,34,0,4
1023,73932,0.41673908,42,93,0,3
1024,73932,0.50333065,44,159,3,2
1025,73932,0.36686122,45,45,3,3
1026,73932,0.3716189,45,108,3,2
1027,73932,0.50242627,46,95,2,4
1028,73932,0.4506286,47,84,2,2
1029,73932,0.36656398,47,180,2,4
1030,73932,0.3572586,50,34,0,4
1031,73932,0.3310605,50,68,0,3
1032,73932,0.3847212,50,150,0,3
1033,73932,0.40811467,51,116,3,3
1034,73932,0.49368066,53,71,3,3
1035,73932,0.50177205,54,125,3,2
1036,73932,0.32468474,55,116,3,3
1037,73932,0.8130658,56,3,0,3
1038,73932,0.7428604,56,5,0,3
1039,73932,0.787174,56,6,0,0
1040,73932,0.76743567,56,9,0,0
1041,73932,0.81769013,56,11,0,3
1042,73932,0.8199625,56,12,0,3
1043,73932,0.7782457,56,16,0,3
1044,73932,0.8207245,56,17,0,3
1045,73932,0.8424839,56,19,0,3
1046,73932,0.79175967,56,21,0,3
1047,73932,0.77402097,56,22,0,3
1048,73932,0.8166286,56,23,0,3
1049,73932,0.80664104,56,24,0,3
1050,73932,0.8604996,56,26,0,3
1051,73932,0.7319237,56,27,0,3
1052,73932,0.8598365,56,29,0,2
1053,73932,0.7660848,56,30,0,3
1054,73932,0.8963415,56,31,0,3
1055,73932,0.78620017,56,32,0,4
1056,73932,0.7813055,56,33,0,3
1057,73932,0.77204925,56,34,0,4
1058,73932,0.79762405,56,35,0,4
1059,73932,0.82632196,56,37,0,3
1060,73932,0.7781647,56,38,0,3
1061,73932,0.84781134,56,39,0,3
1062,73932,0.81483704,56,41,0,4
1063,73932,0.8892016,56,43,0,3
1064,73932,0.84424245,56,44,0,3
1065,73932,0.7756608,56,46,0,2
1066,73932,0.817662,56,47,0,2
1067,73932,0.8160275,56,49,0,3
1068,73932,0.8396143,56,52,0,3
1069,73932,0.8114216,56,53,0,3
1070,73932,0.8264136,56,54,0,3
1071,73932,0.80455613,56,55,0,3
1072,73932,0.82046896,56,57,0,2
1073,73932,0.79632336,56,59,0,4
1074,73932,0.81508505,56,61,0,4
1075,73932,0.8600568,56,62,0,3
1076,73932,0.7600877,56,63,0,3
1077,73932,0.82188445,56,64,0,3
1078,73932,0.81241465,56,65,0,3
1079,73932,0.7591985,56,68,0,3
1080,73932,0.8059205,56,69,0,3
1081,73932,0.87084025,56,74,0,4
1082,73932,0.855263,56,75,0,3
1083,73932,0.68450654,56,77,0,3
1084,73932,0.8282654,56,79,0,3
1085,73932,0.8666194,56,80,0,4
1086,73932,0.83582336,56,81,0,3
1087,73932,0.8537359,56,82,0,2
1088,73932,0.8259077,56,84,0,2
1089,73932,0.7509212,56,85,0,4
1090,73932,0.7667579,56,87,0,3
1091,73932,0.82648176,56,89,0,3
1092,73932,0.8156998,56,90,0,3
1093,73932,0.81094426,56,91,0,3
1094,73932,0.8245623,56,93,0,3
1095,73932,0.791286,56,94,0,3
1096,73932,0.71899587,56,97,0,3
1097,73932,0.75415516,56,98,0,3
1098,73932,0.7176941,56,103,0,3
1099,73932,0.74735695,56,104,0,3
1100,73932,0.70930916,56,109,0,3
1101,73932,0.79033095,56,110,0,3
1102,73932,0.7712903,56,112,0,3
1103,73932,0.79181874,56,116,0,3
1104,73932,0.8436039,56,117,0,4
1105,73932,0.7665069,56,118,0,3
1106,73932,0.84431374,56,119,0,3
1107,73932,0.79904574,56,124,0,3
1108,73932,0.8448194,56,125,0,2
1109,73932,0.8568291,56,127,0,2
1110,73932,0.8064973,56,128,0,3
1111,73932,0.8002344,56,129,0,3
1112,73932,0.7814921,56,131,0,4
1113,73932,0.8430756,56,132,0,3
1114,73932,0.80618966,56,134,0,3
1115,73932,0.7550549,56,135,0,4
1116,73932,0.7566408,56,136,0,3
1117,73932,0.82508045,56,137,0,3
1118,73932,0.7822434,56,139,0,3
1119,73932,0.81901824,56,142,0,3
1120,73932,0.75411594,56,143,0,3
1121,73932,0.7546691,56,144,0,3
1122,73932,0.8165116,56,146,0,3
1123,73932,0.82853085,56,147,0,2
1124,73932,0.7572585,56,149,0,4
1125,73932,0.79150325,56,150,0,3
1126,73932,0.7782178,56,153,0,3
1127,73932,0.7364912,56,154,0,3
1128,73932,0.79368633,56,155,0,3
1129,73932,0.8418934,56,159,0,2
1130,73932,0.7430005,56,161,0,3
1131,73932,0.8023377,56,165,0,3
1132,73932,0.7864464,56,166,0,3
1133,73932,0.8100456,56,167,0,2
1134,73932,0.8301563,56,169,0,3
1135,73932,0.81691843,56,170,0,3
1136,73932,0.84267324,56,171,0,4
1137,73932,0.7982028,56,172,0,3
1138,73932,0.83346504,56,178,0,3
1139,73932,0.8403049,56,179,0,3
1140,73932,0.70323724,56,181,0,3
1141,73932,0.41946846,57,15,2,4
1142,73932,0.3399611,57,22,2,3
1143,73932,0.39024022,57,65,2,3
1144,73932,0.35545608,57,67,2,3
1145,73932,0.36213475,57,110,2,3
1146,73932,0.37214452,57,165,2,3
1147,73932,0.39402622,57,170,2,3
1148,73932,0.47488964,58,13,2,3
1149,73932,0.5512549,58,88,2,0
1150,73932,0.479912,58,102,2,4
1151,73932,0.5103272,58,119,2,3
1152,73932,0.3793605,58,163,2,3
1153,73932,0.31905487,59,16,4,3
1154,73932,0.4165125,59,159,4,2
1155,73932,0.32345548,60,16,4,3
1156,73932,0.33550128,60,21,4,3
1157,73932,0.4938808,61,84,4,2
1158,73932,0.54579,63,58,3,2
1159,73932,0.32841358,64,82,3,2
1160,73932,0.3956518,66,86,0,3
1161,73932,0.37243637,67,67,3,3
1162,73932,0.31685445,70,147,4,2
1163,73932,0.46957573,72,108,3,2
1164,73932,0.51033443,73,66,4,0
1165,73932,0.4115245,73,73,4,4
1166,73932,0.5318162,73,158,4,0
1167,73932,0.34483525,74,22,4,3
1168,73932,0.3930108,74,48,4,0
1169,73932,0.2734907,75,116,3,3
1170,73932,0.3116289,78,34,0,4
1171,73932,0.37666818,78,146,0,3
1172,73932,0.52471626,79,82,3,2
1173,73932,0.39353502,80,66,4,0
1174,73932,0.56337243,81,58,3,2
1175,73932,0.37452477,82,64,2,3
1176,73932,0.37954652,82,79,2,3
1177,73932,0.3639137,82,133,2,4
1178,73932,0.2916096,82,144,2,3
1179,73932,0.4421104,83,37,4,3
1180,73932,0.48673764,83,39,4,3
1181,73932,0.4763667,83,140,4,2
1182,73932,0.4448351,84,23,2,3
1183,73932,0.6087555,84,31,2,3
1184,73932,0.3746391,84,34,2,4
1185,73932,0.4368557,84,47,2,2
1186,73932,0.52193636,84,62,2,3
1187,73932,0.51600915,84,127,2,2
1188,73932,0.45901036,84,147,2,2
1189,73932,0.38561976,84,153,2,3
1190,73932,0.31737518,85,16,4,3
1191,73932,0.42160216,86,86,3,3
1192,73932,0.22449787,87,116,3,3
1193,73932,0.6374054,88,102,0,4
1194,73932,0.5307262,89,151,3,4
1195,73932,0.44416255,90,90,3,3
1196,73932,0.50572056,90,140,3,2
1197,73932,0.54771847,92,15,0,4
1198,73932,0.29100895,95,46,4,2
1199,73932,0.41906622,95,66,4,0
1200,73932,0.39998817,95,76,4,0
1201,73932,0.33711317,95,95,4,4
1202,73932,0.3799477,95,157,4,2
1203,73932,0.44028673,99,79,4,3
1204,73932,0.3780613,99,94,4,3
1205,73932,0.4718541,99,132,4,3
1206,73932,0.24275109,100,131,0,4
1207,73932,0.3077512,101,5,0,3
1208,73932,0.49774796,102,58,4,2
1209,73932,0.49384254,102,66,4,0
1210,73932,0.43533292,102,102,4,4
1211,73932,0.27109203,105,144,0,3
1212,73932,0.46421528,106,9,4,0
1213,73932,0.45773065,107,108,3,2
1214,73932,0.44194677,108,11,2,3
1215,73932,0.43820673,108,45,2,3
1216,73932,0.510716,108,72,2,3
1217,73932,0.4132942,111,85,0,4
1218,73932,0.4988126,114,49,0,3
1219,73932,0.4617171,116,76,3,0
1220,73932,0.44659916,117,146,4,3
1221,73932,0.5754476,119,58,3,2
1222,73932,0.65632844,120,140,3,2
1223,73932,0.64099956,120,156,3,0
1224,73932,0.45964375,122,167,3,2
1225,73932,0.35922775,123,16,0,3
1226,73932,0.3541084,125,54,2,3
1227,73932,0.40318513,126,16,4,3
1228,73932,0.51573724,126,18,4,0
1229,73932,0.53010094,126,29,4,2
1230,73932,0.3866268,127,23,2,3
1231,73932,0.54356354,127,31,2,3
1232,73932,0.3621437,127,55,2,3
1233,73932,0.4653308,127,62,2,3
1234,73932,0.38938195,127,84,2,2
1235,73932,0.3530984,127,129,2,3
1236,73932,0.3299401,127,153,2,3
1237,73932,0.42850244,127,171,2,4
1238,73932,0.25546542,130,24,0,3
1239,73932,0.50416535,131,66,4,0
1240,73932,0.4490081,131,84,4,2
1241,73932,0.35108075,131,100,4,0
1242,73932,0.39555743,131,138,4,0
1243,73932,0.49723202,131,168,4,0
1244,73932,0.318248,133,16,4,3
1245,73932,0.37437513,133,64,4,3
1246,73932,0.43478647,133,82,4,2
1247,73932,0.38795173,133,178,4,3
1248,73932,0.32325637,134,134,3,3
1249,73932,0.7440175,139,18,3,0
1250,73932,0.44619864,140,39,2,3
1251,73932,0.47119546,140,83,2,4
1252,73932,0.3868359,140,90,2,3
1253,73932,0.45467514,141,48,3,0
1254,73932,0.42897257,141,116,3,3
1255,73932,0.4180619,144,82,3,2
1256,73932,0.55933166,145,168,3,0
1257,73932,0.33343583,148,146,3,3
1258,73932,0.3808709,148,148,3,3
1259,73932,0.36855406,148,159,3,2
1260,73932,0.4791878,151,66,4,0
1261,73932,0.41222847,151,89,4,3
1262,73932,0.42490536,151,152,4,3
1263,73932,0.44744858,156,156,0,0
1264,73932,0.40817055,158,73,0,4
1265,73932,0.51554835,159,44,2,3
1266,73932,0.448826,159,59,2,4
1267,73932,0.4345202,159,150,2,3
1268,73932,0.26177207,160,116,3,3
1269,73932,0.2969473,161,116,3,3
1270,73932,0.4423605,162,29,4,2
1271,73932,0.44438526,162,66,4,0
1272,73932,0.5991901,163,58,3,2
1273,73932,0.43203086,163,163,3,3
1274,73932,0.40237302,164,146,0,3
1275,73932,0.21454348,168,131,0,4
1276,73932,0.34403864,171,6,4,0
1277,73932,0.45619854,171,66,4,0
1278,73932,0.39361817,171,84,4,2
1279,73932,0.40654272,171,113,4,0
1280,73932,0.350888,171,129,4,3
1281,73932,0.53606105,172,113,3,0
1282,73932,0.42849144,173,8,2,3
1283,73932,0.43721274,173,55,2,3
1284,73932,0.47132528,173,84,2,2
1285,73932,0.47131976,173,96,2,3
1286,73932,0.4091643,173,131,2,4
1287,73932,0.45764694,173,145,2,3
1288,73932,0.6184194,173,175,2,3
1289,73932,0.46364546,174,15,0,4
1290,73932,0.49767372,175,175,3,3
1291,73932,0.45972496,176,80,0,4
1292,73932,0.44682264,177,84,4,2
1293,73932,0.47263384,177,156,4,0
1294,73932,0.4159977,177,167,4,2
1295,73932,0.42215472,180,47,4,2
1296,73932,0.49413043,180,66,4,0
1297,73932,0.4325455,180,84,4,2
1298,73932,0.35298187,180,180,4,4
1299,73932,0.4033409,182,29,3,2
1300,90820,0.63108355,0,58,3,2
1301,90820,0.73952985,0,121,3,0
1302,90820,0.35361075,1,80,0,4
1303,90820,0.6211471,2,8,2,3
1304,90820,0.6047708,4,66,4,0
1305,90820,0.57837313,4,146,4,3
1306,90820,0.7236022,4,164,4,0
1307,90820,0.4695531,7,14,0,3
1308,90820,0.4124226,7,34,0,4
1309,90820,0.597934,10,108,3,2
1310,90820,0.52577525,11,94,3,3
1311,90820,0.6331662,11,108,3,2
1312,90820,0.46799204,13,13,3,3
1313,90820,0.43577197,13,58,3,2
1314,90820,0.4220001,15,15,4,4
1315,90820,0.47396046,15,16,4,3
1316,90820,0.3935908,15,22,4,3
1317,90820,0.45105296,15,65,4,3
1318,90820,0.40349638,15,165,4,3
1319,90820,0.4285344,17,29,3,2
1320,90820,0.6342681,18,126,0,4
1321,90820,0.5298558,20,5,0,3
1322,90820,0.62548614,20,15,0,4
1323,90820,0.6718923,20,16,0,3
1324,90820,0.72172004,20,115,0,3
1325,90820,0.48136514,23,127,3,2
1326,90820,0.3903184,23,147,3,2
1327,90820,0.45278335,25,84,1,2
1328,90820,0.4671953,25,167,1,2
1329,90820,0.42976573,28,80,0,4
1330,90820,0.40761584,28,146,0,3
1331,90820,0.34347662,29,17,2,3
1332,90820,0.34923232,29,97,2,3
1333,90820,0.3038459,29,162,2,4
1334,90820,0.3825495,30,146,3,3
1335,90820,0.3734747,30,159,3,2
1336,90820,0.29803804,34,34,4,4
1337,90820,0.3385904,34,66,4,0
1338,90820,0.32405967,34,84,4,2
1339,90820,0.3897923,36,21,2,3
1340,90820,0.5467836,36,60,2,4
1341,90820,0.35187957,39,140,3,2
1342,90820,0.36749783,40,24,0,3
1343,90820,0.52598244,41,66,4,0
1344,90820,0.5173166,41,84,4,2
1345,90820,0.49878037,41,104,4,3
1346,90820,0.5977783,41,118,4,3
1347,90820,0.4526459,42,34,0,4
1348,90820,0.4523167,42,93,0,3
1349,90820,0.29795024,44,159,3,2
1350,90820,0.41358843,45,45,3,3
1351,90820,0.43986425,45,108,3,2
1352,90820,0.5410152,46,95,2,4
1353,90820,0.5744886,47,84,2,2
1354,90820,0.5793167,47,180,2,4
1355,90820,0.4009874,50,34,0,4
1356,90820,0.4360405,50,68,0,3
1357,90820,0.52345324,50,150,0,3
1358,90820,0.315513,51,116,3,3
1359,90820,0.6650141,53,71,3,3
1360,90820,0.29638574,54,125,3,2
1361,90820,0.41121113,55,116,3,3
1362,90820,0.753387,56,3,0,3
1363,90820,0.75409305,56,5,0,3
1364,90820,0.8912757,56,6,0,0
1365,90820,0.7533416,56,9,0,0
1366,90820,0.8100113,56,11,0,3
1367,90820,0.7680628,56,12,0,3
1368,90820,0.85320246,56,16,0,3
1369,90820,0.7976008,56,17,0,3
1370,90820,0.7462738,56,19,0,3
1371,90820,0.79343426,56,21,0,3
1372,90820,0.81719637,56,22,0,3
1373,90820,0.8383907,56,23,0,3
1374,90820,0.7976409,56,24,0,3
1375,90820,0.744459,56,26,0,3
1376,90820,0.7841155,56,27,0,3
1377,90820,0.86773074,56,29,0,2
1378,90820,0.8189264,56,30,0,3
1379,90820,0.81497186,56,31,0,3
1380,90820,0.70742446,56,32,0,4
1381,90820,0.7962652,56,33,0,3
1382,90820,0.79934084,56,34,0,4
1383,90820,0.79176414,56,35,0,4
1384,90820,0.7733299,56,37,0,3
1385,90820,0.78409153,56,38,0,3
1386,90820,0.82706475,56,39,0,3
1387,90820,0.8287193,56,41,0,4
1388,90820,0.7196473,56,43,0,3
1389,90820,0.78503144,56,44,0,3
1390,90820,0.7836148,56,46,0,2
1391,90820,0.7640235,56,47,0,2
1392,90820,0.86638993,56,49,0,3
1393,90820,0.7693605,56,52,0,3
1394,90820,0.87439024,56,53,0,3
1395,90820,0.8356407,56,54,0,3
1396,90820,0.79504323,56,55,0,3
1397,90820,0.8044024,56,57,0,2
1398,90820,0.8762738,56,59,0,4
1399,90820,0.83660257,56,61,0,4
1400,90820,0.7850644,56,62,0,3
1401,90820,0.8845241,56,63,0,3
1402,90820,0.84029704,56,64,0,3
1403,90820,0.8405955,56,65,0,3
1404,90820,0.8223615,56,68,0,3
1405,90820,0.82282317,56,69,0,3
1406,90820,0.8183728,56,74,0,4
1407,90820,0.81051433,56,75,0,3
1408,90820,0.79441994,56,77,0,3
1409,90820,0.7672067,56,79,0,3
1410,90820,0.8232324,56,80,0,4
1411,90820,0.73706985,56,81,0,3
1412,90820,0.83555585,56,82,0,2
1413,90820,0.8211964,56,84,0,2
1414,90820,0.7926635,56,85,0,4
1415,90820,0.8240031,56,87,0,3
1416,90820,0.83214843,56,89,0,3
1417,90820,0.80919653,56,90,0,3
1418,90820,0.7992863,56,91,0,3
1419,90820,0.79791194,56,93,0,3
1420,90820,0.81473815,56,94,0,3
1421,90820,0.8058337,56,97,0,3
1422,90820,0.78587574,56,98,0,3
1423,90820,0.7512027,56,103,0,3
1424,90820,0.80920935,56,104,0,3
1425,90820,0.8881648,56,109,0,3
1426,90820,0.82549924,56,110,0,3
1427,90820,0.8051629,56,112,0,3
1428,90820,0.81271696,56,116,0,3
1429,90820,0.7863323,56,117,0,4
1430,90820,0.86453897,56,118,0,3
1431,90820,0.8066141,56,119,0,3
1432,90820,0.71362484,56,124,0,3
1433,90820,0.7923553,56,125,0,2
1434,90820,0.8357412,56,127,0,2
1435,90820,0.7808707,56,128,0,3
1436,90820,0.7822299,56,129,0,3
1437,90820,0.8582289,56,131,0,4
1438,90820,0.82640713,56,132,0,3
1439,90820,0.83766913,56,134,0,3
1440,90820,0.7877007,56,135,0,4
1441,90820,0.80301887,56,136,0,3
1442,90820,0.8635411,56,137,0,3
1443,90820,0.7813235,56,139,0,3
1444,90820,0.8159979,56,142,0,3
1445,90820,0.83861697,56,143,0,3
1446,90820,0.8256146,56,144,0,3
1447,90820,0.8147257,56,146,0,3
1448,90820,0.77511835,56,147,0,2
1449,90820,0.87810725,56,149,0,4
1450,90820,0.8726199,56,150,0,3
1451,90820,0.8681037,56,153,0,3
1452,90820,0.7893552,56,154,0,3
1453,90820,0.7875168,56,155,0,3
1454,90820,0.8067124,56,159,0,2
1455,90820,0.7831278,56,161,0,3
1456,90820,0.8198825,56,165,0,3
1457,90820,0.7129835,56,166,0,3
1458,90820,0.81917304,56,167,0,2
1459,90820,0.7889364,56,169,0,3
1460,90820,0.8652787,56,170,0,3
1461,90820,0.79914695,56,171,0,4
1462,90820,0.8488104,56,172,0,3
1463,90820,0.82159823,56,178,0,3
1464,90820,0.8401445,56,179,0,3
1465,90820,0.7603912,56,181,0,3
1466,90820,0.4949643,57,15,2,4
1467,90820,0.46770492,57,22,2,3
1468,90820,0.52233344,57,65,2,3
1469,90820,0.57608145,57,67,2,3
1470,90820,0.48607543,57,110,2,3
1471,90820,0.47176552,57,165,2,3
1472,90820,0.5704918,57,170,2,3
1473,90820,0.57105577,58,13,2,3
1474,90820,0.55968446,58,88,2,0
1475,90820,0.5376316,58,102,2,4
1476,90820,0.4780414,58,119,2,3
1477,90820,0.43203092,58,163,2,3
1478,90820,0.4262531,59,16,4,3
1479,90820,0.35019845,59,159,4,2
1480,90820,0.46892178,60,16,4,3
1481,90820,0.36918202,60,21,4,3
1482,90820,0.46712714,61,84,4,2
1483,90820,0.4850536,63,58,3,2
1484,90820,0.41220087,64,82,3,2
1485,90820,0.464359,66,86,0,3
1486,90820,0.48348334,67,67,3,3
1487,90820,0.36030546,70,147,4,2
1488,90820,0.43386957,72,108,3,2
1489,90820,0.39444193,73,66,4,0
1490,90820,0.42705482,73,73,4,4
1491,90820,0.49587882,73,158,4,0
1492,90820,0.63308567,74,22,4,3
1493,90820,0.7116457,74,48,4,0
1494,90820,0.47174117,75,116,3,3
1495,90820,0.3758962,78,34,0,4
1496,90820,0.38986456,78,146,0,3
1497,90820,0.42481446,79,82,3,2
1498,90820,0.395404,80,66,4,0
1499,90820,0.44353336,81,58,3,2
1500,90820,0.4683496,82,64,2,3
1501,90820,0.35035822,82,79,2,3
1502,90820,0.5608316,82,133,2,4
1503,90820,0.42964894,82,144,2,3
1504,90820,0.2451979,83,37,4,3
1505,90820,0.32707065,83,39,4,3
1506,90820,0.2962944,83,140,4,2
1507,90820,0.40303746,84,23,2,3
1508,90820,0.3672308,84,31,2,3
1509,90820,0.34284168,84,34,2,4
1510,90820,0.29711056,84,47,2,2
1511,90820,0.3214634,84,62,2,3
1512,90820,0.40876073,84,127,2,2
1513,90820,0.31244874,84,147,2,2
1514,90820,0.45883515,84,153,2,3
1515,90820,0.45392236,85,16,4,3
1516,90820,0.32558683,86,86,3,3
1517,90820,0.43500978,87,116,3,3
1518,90820,0.53375906,88,102,0,4
1519,90820,0.75925183,89,151,3,4
1520,90820,0.3189136,90,90,3,3
1521,90820,0.32449883,90,140,3,2
1522,90820,0.5695489,92,15,0,4
1523,90820,0.33126327,95,46,4,2
1524,90820,0.40151215,95,66,4,0
1525,90820,0.32775187,95,76,4,0
1526,90820,0.35655826,95,95,4,4
1527,90820,0.37793908,95,157,4,2
1528,90820,0.30278143,99,79,4,3
1529,90820,0.36820495,99,94,4,3
1530,90820,0.39157167,99,132,4,3
1531,90820,0.44543564,100,131,0,4
1532,90820,0.37881976,101,5,0,3
1533,90820,0.45252243,102,58,4,2
1534,90820,0.42282677,102,66,4,0
1535,90820,0.44928178,102,102,4,4
1536,90820,0.57910675,105,144,0,3
1537,90820,0.29506114,106,9,4,0
1538,90820,0.57891786,107,108,3,2
1539,90820,0.3770793,108,11,2,3
1540,90820,0.455005,108,45,2,3
1541,90820,0.36160916,108,72,2,3
1542,90820,0.28524518,111,85,0,4
1543,90820,0.4382625,114,49,0,3
1544,90820,0.36410615,116,76,3,0
1545,90820,0.37124488,117,146,4,3
1546,90820,0.5131258,119,58,3,2
1547,90820,0.512228,120,140,3,2
1548,90820,0.5496068,120,156,3,0
1549,90820,0.4929934,122,167,3,2
1550,90820,0.46687055,123,16,0,3
1551,90820,0.43989766,125,54,2,3
1552,90820,0.364878,126,16,4,3
1553,90820,0.34009916,126,18,4,0
1554,90820,0.39051786,126,29,4,2
1555,90820,0.39599082,127,23,2,3
1556,90820,0.3642234,127,31,2,3
1557,90820,0.32901222,127,55,2,3
1558,90820,0.31793484,127,62,2,3
1559,90820,0.37074444,127,84,2,2
1560,90820,0.3149271,127,129,2,3
1561,90820,0.449283,127,153,2,3
1562,90820,0.3416341,127,171,2,4
1563,90820,0.41159564,130,24,0,3
1564,90820,0.51292753,131,66,4,0
1565,90820,0.4930218,131,84,4,2
1566,90820,0.46840572,131,100,4,0
1567,90820,0.57520753,131,138,4,0
1568,90820,0.6147998,131,168,4,0
1569,90820,0.43866554,133,16,4,3
1570,90820,0.41527823,133,64,4,3
1571,90820,0.39798158,133,82,4,2
1572,90820,0.37127256,133,178,4,3
1573,90820,0.2672521,134,134,3,3
1574,90820,0.76815367,139,18,3,0
1575,90820,0.4009121,140,39,2,3
1576,90820,0.39061874,140,83,2,4
1577,90820,0.3649776,140,90,2,3
1578,90820,0.51122034,141,48,3,0
1579,90820,0.4188604,141,116,3,3
1580,90820,0.26417187,144,82,3,2
1581,90820,0.39169523,145,168,3,0
1582,90820,0.365924,148,146,3,3
1583,90820,0.37004915,148,148,3,3
1584,90820,0.3658745,148,159,3,2
1585,90820,0.38683838,151,66,4,0
1586,90820,0.39175355,151,89,4,3
1587,90820,0.49212763,151,152,4,3
1588,90820,0.43239892,156,156,0,0
1589,90820,0.4409728,158,73,0,4
1590,90820,0.31331134,159,44,2,3
1591,90820,0.4557027,159,59,2,4
1592,90820,0.451848,159,150,2,3
1593,90820,0.40675932,160,116,3,3
1594,90820,0.40141338,161,116,3,3
1595,90820,0.53483,162,29,4,2
1596,90820,0.45918217,162,66,4,0
1597,90820,0.3402453,163,58,3,2
1598,90820,0.25907016,163,163,3,3
1599,90820,0.28463027,164,146,0,3
1600,90820,0.55112976,168,131,0,4
1601,90820,0.4869889,171,6,4,0
1602,90820,0.35950664,171,66,4,0
1603,90820,0.34120855,171,84,4,2
1604,90820,0.43160215,171,113,4,0
1605,90820,0.2922428,171,129,4,3
1606,90820,0.56906354,172,113,3,0
1607,90820,0.5392188,173,8,2,3
1608,90820,0.42487714,173,55,2,3
1609,90820,0.46667716,173,84,2,2
1610,90820,0.52559763,173,96,2,3
1611,90820,0.52862006,173,131,2,4
1612,90820,0.4667672,173,145,2,3
1613,90820,0.47964233,173,175,2,3
1614,90820,0.5125531,174,15,0,4
1615,90820,0.29244053,175,175,3,3
1616,90820,0.46875075,176,80,0,4
1617,90820,0.44069538,177,84,4,2
1618,90820,0.47017983,177,156,4,0
1619,90820,0.4471944,177,167,4,2
1620,90820,0.32496205,180,47,4,2
1621,90820,0.4103249,180,66,4,0
1622,90820,0.38956276,180,84,4,2
1623,90820,0.39859122,180,180,4,4
1624,90820,0.61577576,182,29,3,2
1625,9685,0.64534664,0,58,3,2
1626,9685,0.5509193,0,121,3,0
1627,9685,0.4768552,1,80,0,4
1628,9685,0.38219035,2,8,2,3
1629,9685,0.4753034,4,66,4,0
1630,9685,0.51044875,4,146,4,3
1631,9685,0.5835436,4,164,4,0
1632,9685,0.4909901,7,14,0,3
1633,9685,0.38363045,7,34,0,4
1634,9685,0.44889292,10,108,3,2
1635,9685,0.3798213,11,94,3,3
1636,9685,0.40678194,11,108,3,2
1637,9685,0.38519642,13,13,3,3
1638,9685,0.4703476,13,58,3,2
1639,9685,0.40481293,15,15,4,4
1640,9685,0.35953933,15,16,4,3
1641,9685,0.38681534,15,22,4,3
1642,9685,0.3576905,15,65,4,3
1643,9685,0.3124135,15,165,4,3
1644,9685,0.32460847,17,29,3,2
1645,9685,0.54513496,18,126,0,4
1646,9685,0.73092896,20,5,0,3
1647,9685,0.6466783,20,15,0,4
1648,9685,0.59848773,20,16,0,3
1649,9685,0.7631925,20,115,0,3
1650,9685,0.40484402,23,127,3,2
1651,9685,0.45160997,23,147,3,2
1652,9685,0.47500983,25,84,1,2
1653,9685,0.37336996,25,167,1,2
1654,9685,0.41778356,28,80,0,4
1655,9685,0.50403523,28,146,0,3
1656,9685,0.4902645,29,17,2,3
1657,9685,0.4950593,29,97,2,3
1658,9685,0.47298062,29,162,2,4
1659,9685,0.4973108,30,146,3,3
1660,9685,0.51173615,30,159,3,2
1661,9685,0.37884998,34,34,4,4
1662,9685,0.41855717,34,66,4,0
1663,9685,0.45436642,34,84,4,2
1664,9685,0.4295913,36,21,2,3
1665,9685,0.6770091,36,60,2,4
1666,9685,0.39701807,39,140,3,2
1667,9685,0.62466943,40,24,0,3
1668,9685,0.38119814,41,66,4,0
1669,9685,0.41490123,41,84,4,2
1670,9685,0.381268,41,104,4,3
1671,9685,0.34199962,41,118,4,3
1672,9685,0.44057748,42,34,0,4
1673,9685,0.52973616,42,93,0,3
1674,9685,0.4313687,44,159,3,2
1675,9685,0.34877294,45,45,3,3
1676,9685,0.3297276,45,108,3,2
1677,9685,0.63069725,46,95,2,4
1678,9685,0.5352876,47,84,2,2
1679,9685,0.47952533,47,180,2,4
1680,9685,0.31980714,50,34,0,4
1681,9685,0.33671808,50,68,0,3
1682,9685,0.27160254,50,150,0,3
1683,9685,0.41371703,51,116,3,3
1684,9685,0.49663994,53,71,3,3
1685,9685,0.3219825,54,125,3,2
1686,9685,0.30791506,55,116,3,3
1687,9685,0.7470266,56,3,0,3
1688,9685,0.8643325,56,5,0,3
1689,9685,0.8130103,56,6,0,0
1690,9685,0.80632776,56,9,0,0
1691,9685,0.76262903,56,11,0,3
1692,9685,0.80314994,56,12,0,3
1693,9685,0.7884782,56,16,0,3
1694,9685,0.8029224,56,17,0,3
1695,9685,0.85932684,56,19,0,3
1696,9685,0.7623987,56,21,0,3
1697,9685,0.8105744,56,22,0,3
1698,9685,0.82066953,56,23,0,3
1699,9685,0.8414677,56,24,0,3
1700,9685,0.8343064,56,26,0,3
1701,9685,0.80256337,56,27,0,3
1702,9685,0.8245909,56,29,0,2
1703,9685,0.73734695,56,30,0,3
1704,9685,0.792194,56,31,0,3
1705,9685,0.85614,56,32,0,4
1706,9685,0.7586192,56,33,0,3
1707,9685,0.79680794,56,34,0,4
1708,9685,0.7470696,56,35,0,4
1709,9685,0.8006175,56,37,0,3
1710,9685,0.7654659,56,38,0,3
1711,9685,0.7639611,56,39,0,3
1712,9685,0.81006134,56,41,0,4
1713,9685,0.76796466,56,43,0,3
1714,9685,0.7561887,56,44,0,3
1715,9685,0.80090505,56,46,0,2
1716,9685,0.84280604,56,47,0,2
1717,9685,0.8002335,56,49,0,3
1718,9685,0.8565461,56,52,0,3
1719,9685,0.80342215,56,53,0,3
1720,9685,0.81490576,56,54,0,3
1721,9685,0.7894264,56,55,0,3
1722,9685,0.83183897,56,57,0,2
1723,9685,0.7905054,56,59,0,4
1724,9685,0.79936725,56,61,0,4
1725,9685,0.79800373,56,62,0,3
1726,9685,0.7490508,56,63,0,3
1727,9685,0.7874911,56,64,0,3
1728,9685,0.7903568,56,65,0,3
1729,9685,0.80791295,56,68,0,3
1730,9685,0.6570286,56,69,0,3
1731,9685,0.8152818,56,74,0,4
1732,9685,0.7830546,56,75,0,3
1733,9685,0.7291396,56,77,0,3
1734,9685,0.7967643,56,79,0,3
1735,9685,0.7950267,56,80,0,4
1736,9685,0.7915954,56,81,0,3
1737,9685,0.8382513,56,82,0,2
1738,9685,0.84172255,56,84,0,2
1739,9685,0.76050276,56,85,0,4
1740,9685,0.7604621,56,87,0,3
1741,9685,0.8685034,56,89,0,3
1742,9685,0.80288017,56,90,0,3
1743,9685,0.8226169,56,91,0,3
1744,9685,0.8461912,56,93,0,3
1745,9685,0.78760344,56,94,0,3
1746,9685,0.7945084,56,97,0,3
1747,9685,0.7697197,56,98,0,3
1748,9685,0.7484402,56,103,0,3
1749,9685,0.8154953,56,104,0,3
1750,9685,0.72638243,56,109,0,3
1751,9685,0.80858546,56,110,0,3
1752,9685,0.70331436,56,112,0,3
1753,9685,0.8206251,56,116,0,3
1754,9685,0.8278621,56,117,0,4
1755,9685,0.79508704,56,118,0,3
1756,9685,0.7775086,56,119,0,3
1757,9685,0.8166369,56,124,0,3
1758,9685,0.7552789,56,125,0,2
1759,9685,0.7594471,56,127,0,2
1760,9685,0.7341157,56,128,0,3
1761,9685,0.7867709,56,129,0,3
1762,9685,0.8169276,56,131,0,4
1763,9685,0.80735534,56,132,0,3
1764,9685,0.749581,56,134,0,3
1765,9685,0.80644983,56,135,0,4
1766,9685,0.7423415,56,136,0,3
1767,9685,0.8653696,56,137,0,3
1768,9685,0.8029739,56,139,0,3
1769,9685,0.8522959,56,142,0,3
1770,9685,0.7675114,56,143,0,3
1771,9685,0.8218757,56,144,0,3
1772,9685,0.84048283,56,146,0,3
1773,9685,0.79995084,56,147,0,2
1774,9685,0.7540519,56,149,0,4
1775,9685,0.75583,56,150,0,3
1776,9685,0.7505593,56,153,0,3
1777,9685,0.8419272,56,154,0,3
1778,9685,0.779699,56,155,0,3
1779,9685,0.8411665,56,159,0,2
1780,9685,0.8392554,56,161,0,3
1781,9685,0.75479853,56,165,0,3
1782,9685,0.8301731,56,166,0,3
1783,9685,0.78126466,56,167,0,2
1784,9685,0.7186059,56,169,0,3
1785,9685,0.7528985,56,170,0,3
1786,9685,0.8287938,56,171,0,4
1787,9685,0.80387235,56,172,0,3
1788,9685,0.7897639,56,178,0,3
1789,9685,0.7154075,56,179,0,3
1790,9685,0.76345336,56,181,0,3
1791,9685,0.5208482,57,15,2,4
1792,9685,0.5000271,57,22,2,3
1793,9685,0.47263935,57,65,2,3
1794,9685,0.59079576,57,67,2,3
1795,9685,0.50115204,57,110,2,3
1796,9685,0.42572948,57,165,2,3
1797,9685,0.4251045,57,170,2,3
1798,9685,0.46347728,58,13,2,3
1799,9685,0.46672252,58,88,2,0
1800,9685,0.5373429,58,102,2,4
1801,9685,0.40955517,58,119,2,3
1802,9685,0.47363126,58,163,2,3
1803,9685,0.22147681,59,16,4,3
1804,9685,0.2881556,59,159,4,2
1805,9685,0.39148992,60,16,4,3
1806,9685,0.35861158,60,21,4,3
1807,9685,0.5798303,61,84,4,2
1808,9685,0.6082787,63,58,3,2
1809,9685,0.43612596,64,82,3,2
1810,9685,0.32446322,66,86,0,3
1811,9685,0.5089968,67,67,3,3
1812,9685,0.40297002,70,147,4,2
1813,9685,0.39881507,72,108,3,2
1814,9685,0.5589578,73,66,4,0
1815,9685,0.48535615,73,73,4,4
1816,9685,0.5052824,73,158,4,0
1817,9685,0.5600377,74,22,4,3
1818,9685,0.65157497,74,48,4,0
1819,9685,0.34676847,75,116,3,3
1820,9685,0.3822573,78,34,0,4
1821,9685,0.4582874,78,146,0,3
1822,9685,0.33291245,79,82,3,2
1823,9685,0.5390938,80,66,4,0
1824,9685,0.5482658,81,58,3,2
1825,9685,0.43733716,82,64,2,3
1826,9685,0.44577545,82,79,2,3
1827,9685,0.48664418,82,133,2,4
1828,9685,0.48679942,82,144,2,3
1829,9685,0.42847964,83,37,4,3
1830,9685,0.36624488,83,39,4,3
1831,9685,0.49121904,83,140,4,2
1832,9685,0.42216128,84,23,2,3
1833,9685,0.37892666,84,31,2,3
1834,9685,0.38252494,84,34,2,4
1835,9685,0.45292813,84,47,2,2
1836,9685,0.38650233,84,62,2,3
1837,9685,0.3444324,84,127,2,2
1838,9685,0.38591617,84,147,2,2
1839,9685,0.3223569,84,153,2,3
1840,9685,0.36920604,85,16,4,3
1841,9685,0.15352471,86,86,3,3
1842,9685,0.47187528,87,116,3,3
1843,9685,0.65859187,88,102,0,4
1844,9685,0.843082,89,151,3,4
1845,9685,0.4170276,90,90,3,3
1846,9685,0.47833207,90,140,3,2
1847,9685,0.5060091,92,15,0,4
1848,9685,0.42608526,95,46,4,2
1849,9685,0.45701957,95,66,4,0
1850,9685,0.5095968,95,76,4,0
1851,9685,0.3717663,95,95,4,4
1852,9685,0.5360108,95,157,4,2
1853,9685,0.39155716,99,79,4,3
1854,9685,0.38317138,99,94,4,3
1855,9685,0.41640326,99,132,4,3
1856,9685,0.48433578,100,131,0,4
1857,9685,0.45121124,101,5,0,3
1858,9685,0.5456889,102,58,4,2
1859,9685,0.47206318,102,66,4,0
1860,9685,0.5355507,102,102,4,4
1861,9685,0.512381,105,144,0,3
1862,9685,0.41663048,106,9,4,0
1863,9685,0.51558447,107,108,3,2
1864,9685,0.37254503,108,11,2,3
1865,9685,0.45649776,108,45,2,3
1866,9685,0.45893443,108,72,2,3
1867,9685,0.40036485,111,85,0,4
1868,9685,0.30252546,114,49,0,3
1869,9685,0.5672603,116,76,3,0
1870,9685,0.45640996,117,146,4,3
1871,9685,0.526824,119,58,3,2
1872,9685,0.67020315,120,140,3,2
1873,9685,0.69867253,120,156,3,0
1874,9685,0.47398174,122,167,3,2
1875,9685,0.43301454,123,16,0,3
1876,9685,0.45432812,125,54,2,3
1877,9685,0.46408087,126,16,4,3
1878,9685,0.59243244,126,18,4,0
1879,9685,0.52555716,126,29,4,2
1880,9685,0.4528804,127,23,2,3
1881,9685,0.40174708,127,31,2,3
1882,9685,0.40139872,127,55,2,3
1883,9685,0.41338876,127,62,2,3
1884,9685,0.49571759,127,84,2,2
1885,9685,0.39800066,127,129,2,3
1886,9685,0.35126176,127,153,2,3
1887,9685,0.47700733,127,171,2,4
1888,9685,0.60899776,130,24,0,3
1889,9685,0.54576254,131,66,4,0
1890,9685,0.58436257,131,84,4,2
1891,9685,0.750098,131,100,4,0
1892,9685,0.48218033,131,138,4,0
1893,9685,0.58493084,131,168,4,0
1894,9685,0.4602404,133,16,4,3
1895,9685,0.4582603,133,64,4,3
1896,9685,0.5413501,133,82,4,2
1897,9685,0.4604601,133,178,4,3
1898,9685,0.26891893,134,134,3,3
1899,9685,0.81971407,139,18,3,0
1900,9685,0.30809245,140,39,2,3
1901,9685,0.39243758,140,83,2,4
1902,9685,0.35379508,140,90,2,3
1903,9685,0.6015213,141,48,3,0
1904,9685,0.5339903,141,116,3,3
1905,9685,0.3674995,144,82,3,2
1906,9685,0.59351534,145,168,3,0
1907,9685,0.48048207,148,146,3,3
1908,9685,0.26552328,148,148,3,3
1909,9685,0.48049292,148,159,3,2
1910,9685,0.4424082,151,66,4,0
1911,9685,0.52810365,151,89,4,3
1912,9685,0.38200417,151,152,4,3
1913,9685,0.4578248,156,156,0,0
1914,9685,0.33422333,158,73,0,4
1915,9685,0.36911362,159,44,2,3
1916,9685,0.42591688,159,59,2,4
1917,9685,0.37988356,159,150,2,3
1918,9685,0.45921674,160,116,3,3
1919,9685,0.39095533,161,116,3,3
1920,9685,0.40433446,162,29,4,2
1921,9685,0.39974564,162,66,4,0
1922,9685,0.54016954,163,58,3,2
1923,9685,0.47010663,163,163,3,3
1924,9685,0.41069725,164,146,0,3
1925,9685,0.50814843,168,131,0,4
1926,9685,0.43459502,171,6,4,0
1927,9685,0.4352918,171,66,4,0
1928,9685,0.4785726,171,84,4,2
1929,9685,0.4621491,171,113,4,0
1930,9685,0.38716102,171,129,4,3
1931,9685,0.68689805,172,113,3,0
1932,9685,0.39476475,173,8,2,3
1933,9685,0.39203602,173,55,2,3
1934,9685,0.47089535,173,84,2,2
1935,9685,0.39955673,173,96,2,3
1936,9685,0.4298026,173,131,2,4
1937,9685,0.52468705,173,145,2,3
1938,9685,0.39634845,173,175,2,3
1939,9685,0.5395434,174,15,0,4
1940,9685,0.31396788,175,175,3,3
1941,9685,0.3742572,176,80,0,4
1942,9685,0.597745,177,84,4,2
1943,9685,0.6266627,177,156,4,0
1944,9685,0.49888307,177,167,4,2
1945,9685,0.48926112,180,47,4,2
1946,9685,0.43854845,180,66,4,0
1947,9685,0.47690597,180,84,4,2
1948,9685,0.4050959,180,180,4,4
1949,9685,0.3532452,182,29,3,2
